product_family,primary_keyword,secondary_keywords,season_or_style,listing_type,evidence_status
tumbler-digital,20oz tumbler wrap PNG,"tumbler wrap PNG|straight tapered wrap|sublimation design|digital download",signalwave,download,local strategy + asset verification required
wall-art-digital,printable wall art,"digital poster|gothic wall art|signalwave wall art|blue bird art",nocturnal signalwave,download,local assets referenced; dimensions/rights pending
shirt-physical,graphic T-shirt,"alternative music shirt|gothic tee|unisex graphic tee|music lover gift",nocturnal signalwave,physical,product/garment details pending
shirt-digital,T-shirt design PNG SVG,"transparent PNG|DTF design|sublimation shirt|instant download",TrashCat dark humor,download,artwork and license verification required
printable-trend,castlecore wall art,"chateaucore printable|rococo wall decor|cottage wall art|gallery wall set",castlecore,download,local trend CSV example
printable-trend,cherry red kitchen print,"bold minimal print|cherry red decor|printable poster|kitchen wall art",cherry-coded,download,local trend CSV example
seasonal-shirt,matching family Halloween shirt,"boo crew design|halloween shirt SVG|pumpkin shirt design|group costume shirt",Halloween,physical-or-download,local trend CSV example; product mode required
stl,castle cookie cutter STL,"STL 3D print|3d printable file|maker file|functional print",castlecore,download,local trend CSV example; test-print/license pending
journal,printable reading journal,"book tracker PDF|dark academia journal|reading log|instant download",dark academia,download,local references; interior/page count pending
